Hugo_Symbol,YU-1092,YU-1099,YUO-139,YHIM-1008,YUO-076
EGFR,Missense;,Missense;,Missense;Amplification;,Missense;,Missense;
MUC16,Missense;,Missense;,Nonsense;,Missense;,
CRLF2,Deletion;,Deletion;,Deletion;,,Deletion;
P2RY8,Deletion;,Deletion;,Deletion;,,Deletion;
TP53,Missense;,Missense;,,,Missense;
STK11,Deletion;,,,Deletion;,Deletion;
ZNF479,Deletion;,,Amplification;,Deletion;,
CDKN2A,,Deletion;,Deletion;,Deletion;,
CIC,Deletion;,,,Missense;Deletion;,
MSH2,Missense;,,,Missense;,
POU5F1,Deletion;,,,Deletion;,
SMAD4,,Missense;,,Deletion;,
CDH10,,,Deletion;,Missense;,
LZTR1,,,Amplification;,Missense;,
SETD2,,,Frame shift indel;,Missense;,
TFEB,,Amplification;,,,
MAPK1,,,Amplification;,,
PTEN,,,,Deletion;,
BRAF,,,,,Amplification;
EZH2,,,,,Amplification;
KMT2C,,,,,Amplification;